angle_right_elbow,angle_left_elbow,angle_right_shoulder,angle_left_shoulder,angle_right_knee,angle_left_knee,angle_right_hip,angle_left_hip,angle_right_axilla,angle_left_axilla,angle_right_thigh,angle_left_thigh
134.11280067656827,78.68259253847972,150.97772985884086,64.98548254578853,127.48157312055784,147.2298036420854,120.14254105836767,71.70070884498526,26.98589777759946,11.627730519819828,40.461717415188005,71.70070884498526
121.6357351389728,117.13798987476149,135.56633192973936,31.293038995920195,91.5959473849108,99.11221171354947,135.1569743456378,33.1492172015998,21.76075195515143,17.802784196806044,37.059618076669345,33.1492172015998
103.7452975677401,74.2094223113777,174.01435173723186,29.55539615224339,137.482983834844,163.89103324605173,111.67044793267641,89.07096068057794,17.698365668942397,6.14122330272399,50.834788996841354,89.07096068057794
90.3549189092411,54.74819688689344,156.20350101824602,59.62325298628491,136.81511533686472,151.31668863399503,111.18617644039912,73.5706985484666,20.24209189187275,4.042606294914528,46.36392753160292,73.5706985484666
95.85275020127713,80.56470045919266,155.53218045002032,20.65575572897387,133.06941255883302,143.3357028093306,109.2197734259139,70.65654456541407,19.477218478701058,12.403334760401734,46.454989177792605,70.65654456541407
92.31346678468739,57.78577830827038,147.57489868893163,68.43266287831943,144.3336331645435,160.86146650916353,103.75168460508877,87.16998712658565,20.70033462822271,3.4081910125790347,51.04679501646118,87.16998712658565
