angle_right_elbow,angle_left_elbow,angle_right_shoulder,angle_left_shoulder,angle_right_knee,angle_left_knee,angle_right_hip,angle_left_hip,angle_right_axilla,angle_left_axilla,angle_right_thigh,angle_left_thigh
112.47637838614813,123.6157732477107,5.85703647045405,128.52858637336027,6.382182049504841,64.9508617284596,96.06704280328881,34.45100340118643,18.39860132546358,16.681612272387223,30.52739648641993,34.45100340118643
